{
  "machine_code": {
    "OP2020a": "1",
    "OP2040": "2",
    "OP2045a": "3",
    "OP2045b": "4",
    "OP2050a": "5",
    "OP2050b": "6",
    "OP2060": "7",
    "OP2065": "8",
    "OP2090": "9",
    "OP2100": "10",
    "OP3020a": "11",
    "OP3030a": "13",
    "OP3040": "15",
    "OP3050": "16",
    "OP3070": "17",
    "OP3085": "18",
    "OP3100": "19",
    "OP3110": "20",
    "OP3120": "21",
    "OP3130": "22",
    "OP3140": "23",
    "OP3150": "24",
    "OP4020a": "25",
    "OP4030a": "27",
    "OP4040": "29",
    "OP4050": "30",
    "OP4070": "31",
    "OP4085": "32",
    "OP4100": "33",
    "OP4110": "34",
    "OP4120": "35",
    "OP4130": "36",
    "OP4140": "37",
    "OP4150": "38"
  },
  "line_code": "HMBT01",
  "plant_code": "TL_HBT01",
  "company_code": "TL_HBT",
  "operator_ID": "1",
  "rework_parts": "0",
  "classification": "M",
  "rejection_reason": "reason",
  "machine_status": "5",
  "live_alarm": "0",
  "live_loss": "0",
  "type": "Auto",
  "storage_limit": "100",
  "no_of_alarm": 20,
  "bit": 8,
  "bitReversal": false,
  "total_index": 3,
  "numberof_fixtures": 1,
  "no_of_tools": 1
}